date	frequency	type
2014-01-08-15-09-56	43.06640625	Major Frequency
2014-01-08-15-09-57	43.06640625	Major Frequency
2014-01-08-15-09-58	0	Major Frequency
2014-01-08-15-10-00	0	Major Frequency
2014-01-08-15-10-02	0	Major Frequency
2014-01-08-15-10-05	0	Major Frequency
2014-01-08-15-10-07	86.1328125	Major Frequency
2014-01-08-15-10-09	0	Major Frequency
2014-01-08-15-10-11	43.06640625	Major Frequency
2014-01-08-15-10-13	43.06640625	Major Frequency
2014-01-08-15-10-15	0	Major Frequency
2014-01-08-15-10-17	0	Major Frequency
2014-01-08-15-10-19	0	Major Frequency
2014-01-08-15-10-21	86.1328125	Major Frequency
2014-01-08-15-10-24	215.33203125	Major Frequency
2014-01-08-15-10-26	0	Major Frequency
2014-01-08-15-10-28	0	Major Frequency
2014-01-08-15-10-30	43.06640625	Major Frequency
2014-01-08-15-10-32	0	Major Frequency
2014-01-08-15-10-34	0	Major Frequency
2014-01-08-15-10-36	0	Major Frequency
2014-01-08-15-10-38	43.06640625	Major Frequency
2014-01-08-15-10-40	0	Major Frequency
2014-01-08-15-10-42	0	Major Frequency
2014-01-08-15-10-45	0	Major Frequency
2014-01-08-15-10-47	0	Major Frequency
2014-01-08-15-10-49	43.06640625	Major Frequency
2014-01-08-15-10-51	0	Major Frequency
2014-01-08-15-10-53	0	Major Frequency
2014-01-08-15-10-55	0	Major Frequency
2014-01-08-15-10-57	0	Major Frequency
2014-01-08-15-10-59	0	Major Frequency
2014-01-08-15-11-01	0	Major Frequency
2014-01-08-15-11-04	0	Major Frequency
2014-01-08-15-11-06	0	Major Frequency
2014-01-08-15-11-08	0	Major Frequency
2014-01-08-15-11-10	129.19921875	Major Frequency
2014-01-08-15-11-12	86.1328125	Major Frequency
2014-01-08-15-11-14	86.1328125	Major Frequency
2014-01-08-15-11-16	0	Major Frequency
2014-01-08-15-11-18	43.06640625	Major Frequency
2014-01-08-15-11-20	0	Major Frequency
2014-01-08-15-11-22	0	Major Frequency
2014-01-08-15-11-25	129.19921875	Major Frequency
2014-01-08-15-11-27	0	Major Frequency
2014-01-08-15-11-29	0	Major Frequency
2014-01-08-15-11-31	0	Major Frequency
2014-01-08-15-11-33	0	Major Frequency
2014-01-08-15-11-35	0	Major Frequency
2014-01-08-15-11-37	129.19921875	Major Frequency
2014-01-08-15-11-39	0	Major Frequency
2014-01-08-15-11-41	0	Major Frequency
2014-01-08-15-11-44	0	Major Frequency
2014-01-08-15-11-46	689.0625	Major Frequency
2014-01-08-15-11-48	0	Major Frequency
2014-01-08-15-11-50	0	Major Frequency
2014-01-08-15-11-52	0	Major Frequency
2014-01-08-15-11-54	0	Major Frequency
2014-01-08-15-11-56	430.6640625	Major Frequency
2014-01-08-15-11-58	0	Major Frequency
2014-01-08-15-12-00	0	Major Frequency
2014-01-08-15-12-02	0	Major Frequency
2014-01-08-15-12-05	0	Major Frequency
2014-01-08-15-12-07	0	Major Frequency
2014-01-08-15-12-09	473.73046875	Major Frequency
2014-01-08-15-12-11	0	Major Frequency
2014-01-08-15-12-13	0	Major Frequency
2014-01-08-15-12-15	0	Major Frequency
2014-01-08-15-12-17	0	Major Frequency
2014-01-08-15-12-19	43.06640625	Major Frequency
2014-01-08-15-12-21	301.46484375	Major Frequency
2014-01-08-15-12-24	0	Major Frequency
2014-01-08-15-12-26	0	Major Frequency
2014-01-08-15-12-28	0	Major Frequency
2014-01-08-15-12-30	0	Major Frequency
2014-01-08-15-12-32	0	Major Frequency
2014-01-08-15-12-34	0	Major Frequency
2014-01-08-15-12-36	172.265625	Major Frequency
2014-01-08-15-12-38	86.1328125	Major Frequency
2014-01-08-15-12-40	0	Major Frequency
2014-01-08-15-12-42	0	Major Frequency
2014-01-08-15-12-45	0	Major Frequency
2014-01-08-15-12-47	43.06640625	Major Frequency
2014-01-08-15-12-49	0	Major Frequency
2014-01-08-15-12-51	0	Major Frequency
2014-01-08-15-12-53	0	Major Frequency
2014-01-08-15-12-55	0	Major Frequency
2014-01-08-15-12-57	0	Major Frequency
2014-01-08-15-12-59	86.1328125	Major Frequency
2014-01-08-15-13-01	0	Major Frequency
2014-01-08-15-13-04	0	Major Frequency
2014-01-08-15-13-06	0	Major Frequency
2014-01-08-15-13-08	0	Major Frequency
2014-01-08-15-13-10	43.06640625	Major Frequency
2014-01-08-15-13-12	0	Major Frequency
2014-01-08-15-13-14	0	Major Frequency
2014-01-08-15-13-16	0	Major Frequency
2014-01-08-15-13-18	0	Major Frequency
2014-01-08-15-13-20	43.06640625	Major Frequency
2014-01-08-15-13-22	86.1328125	Major Frequency
2014-01-08-15-13-25	0	Major Frequency
2014-01-08-15-13-27	0	Major Frequency
2014-01-08-15-13-29	0	Major Frequency
2014-01-08-15-13-31	43.06640625	Major Frequency
2014-01-08-15-13-33	0	Major Frequency
2014-01-08-15-13-35	0	Major Frequency
2014-01-08-15-13-37	215.33203125	Major Frequency
2014-01-08-15-13-39	172.265625	Major Frequency
2014-01-08-15-13-41	0	Major Frequency
2014-01-08-15-13-44	0	Major Frequency
2014-01-08-15-13-46	0	Major Frequency
2014-01-08-15-13-48	43.06640625	Major Frequency
2014-01-08-15-13-50	0	Major Frequency
2014-01-08-15-13-52	0	Major Frequency
2014-01-08-15-13-54	0	Major Frequency
2014-01-08-15-13-56	0	Major Frequency
2014-01-08-15-13-58	0	Major Frequency
2014-01-08-15-14-00	0	Major Frequency
2014-01-08-15-14-02	86.1328125	Major Frequency
2014-01-08-15-14-05	0	Major Frequency
2014-01-08-15-14-07	0	Major Frequency
2014-01-08-15-14-09	0	Major Frequency
2014-01-08-15-14-11	0	Major Frequency
2014-01-08-15-14-13	0	Major Frequency
2014-01-08-15-14-15	43.06640625	Major Frequency
2014-01-08-15-14-17	0	Major Frequency
2014-01-08-15-14-19	0	Major Frequency
2014-01-08-15-14-21	0	Major Frequency
2014-01-08-15-14-24	43.06640625	Major Frequency
2014-01-08-15-14-26	0	Major Frequency
2014-01-08-15-14-28	0	Major Frequency
2014-01-08-15-14-30	0	Major Frequency
2014-01-08-15-14-32	0	Major Frequency
2014-01-08-15-14-34	86.1328125	Major Frequency
2014-01-08-15-14-36	43.06640625	Major Frequency
2014-01-08-15-14-38	0	Major Frequency
2014-01-08-15-14-40	215.33203125	Major Frequency
2014-01-08-15-14-42	43.06640625	Major Frequency
2014-01-08-15-14-45	258.3984375	Major Frequency
2014-01-08-15-14-47	0	Major Frequency
2014-01-08-15-14-49	0	Major Frequency
2014-01-08-15-14-51	0	Major Frequency
2014-01-08-15-14-53	0	Major Frequency
2014-01-08-15-14-55	0	Major Frequency
2014-01-08-15-14-57	43.06640625	Major Frequency
2014-01-08-15-14-59	0	Major Frequency
2014-01-08-15-15-01	0	Major Frequency
2014-01-08-15-15-04	0	Major Frequency
2014-01-08-15-15-06	0	Major Frequency
2014-01-08-15-15-08	0	Major Frequency
2014-01-08-15-15-10	0	Major Frequency
2014-01-08-15-15-12	0	Major Frequency
2014-01-08-15-15-14	0	Major Frequency
2014-01-08-15-15-16	0	Major Frequency
2014-01-08-15-15-18	43.06640625	Major Frequency
2014-01-08-15-15-20	86.1328125	Major Frequency
2014-01-08-15-15-22	86.1328125	Major Frequency
2014-01-08-15-15-25	0	Major Frequency
2014-01-08-15-15-27	0	Major Frequency
2014-01-08-15-15-29	0	Major Frequency
2014-01-08-15-15-31	43.06640625	Major Frequency
2014-01-08-15-15-33	129.19921875	Major Frequency
2014-01-08-15-15-35	0	Major Frequency
2014-01-08-15-15-37	0	Major Frequency
2014-01-08-15-15-39	0	Major Frequency
2014-01-08-15-15-41	0	Major Frequency
2014-01-08-15-15-43	0	Major Frequency
2014-01-08-15-15-46	0	Major Frequency
2014-01-08-15-15-48	0	Major Frequency
2014-01-08-15-15-50	43.06640625	Major Frequency
2014-01-08-15-15-52	0	Major Frequency
2014-01-08-15-15-54	0	Major Frequency
2014-01-08-15-15-56	0	Major Frequency
2014-01-08-15-15-58	0	Major Frequency
2014-01-08-15-16-00	0	Major Frequency
2014-01-08-15-16-02	129.19921875	Major Frequency
2014-01-08-15-16-05	0	Major Frequency
2014-01-08-15-16-07	0	Major Frequency
2014-01-08-15-16-09	0	Major Frequency
2014-01-08-15-16-11	129.19921875	Major Frequency
2014-01-08-15-16-13	0	Major Frequency
2014-01-08-15-16-15	0	Major Frequency
2014-01-08-15-16-17	0	Major Frequency
2014-01-08-15-16-19	0	Major Frequency
2014-01-08-15-16-21	0	Major Frequency
2014-01-08-15-16-23	0	Major Frequency
2014-01-08-15-16-26	0	Major Frequency
2014-01-08-15-16-28	86.1328125	Major Frequency
2014-01-08-15-16-30	0	Major Frequency
2014-01-08-15-16-32	301.46484375	Major Frequency
2014-01-08-15-16-34	43.06640625	Major Frequency
2014-01-08-15-16-36	43.06640625	Major Frequency
2014-01-08-15-16-38	258.3984375	Major Frequency
2014-01-08-15-16-40	0	Major Frequency
2014-01-08-15-16-42	0	Major Frequency
2014-01-08-15-16-45	0	Major Frequency
2014-01-08-15-16-47	0	Major Frequency
2014-01-08-15-16-49	0	Major Frequency
2014-01-08-15-16-51	0	Major Frequency
2014-01-08-15-16-53	0	Major Frequency
2014-01-08-15-16-55	344.53125	Major Frequency
2014-01-08-15-16-57	43.06640625	Major Frequency
2014-01-08-15-16-59	0	Major Frequency
2014-01-08-15-17-01	43.06640625	Major Frequency
2014-01-08-15-17-04	86.1328125	Major Frequency
2014-01-08-15-17-06	0	Major Frequency
2014-01-08-15-17-08	0	Major Frequency
2014-01-08-15-17-10	215.33203125	Major Frequency
2014-01-08-15-17-12	0	Major Frequency
2014-01-08-15-17-14	0	Major Frequency
2014-01-08-15-17-16	0	Major Frequency
2014-01-08-15-17-18	0	Major Frequency
2014-01-08-15-17-20	0	Major Frequency
2014-01-08-15-17-22	0	Major Frequency
2014-01-08-15-17-25	0	Major Frequency
2014-01-08-15-17-27	0	Major Frequency
2014-01-08-15-17-29	0	Major Frequency
2014-01-08-15-17-31	0	Major Frequency
2014-01-08-15-17-33	0	Major Frequency
2014-01-08-15-17-35	0	Major Frequency
2014-01-08-15-17-37	43.06640625	Major Frequency
2014-01-08-15-17-39	86.1328125	Major Frequency
2014-01-08-15-17-41	43.06640625	Major Frequency
2014-01-08-15-17-43	0	Major Frequency
2014-01-08-15-17-46	0	Major Frequency
2014-01-08-15-17-48	0	Major Frequency
2014-01-08-15-17-50	0	Major Frequency
2014-01-08-15-17-52	86.1328125	Major Frequency
2014-01-08-15-17-54	86.1328125	Major Frequency
2014-01-08-15-17-56	0	Major Frequency
2014-01-08-15-17-58	301.46484375	Major Frequency
2014-01-08-15-18-00	0	Major Frequency
2014-01-08-15-18-02	0	Major Frequency
2014-01-08-15-18-05	0	Major Frequency
2014-01-08-15-18-07	0	Major Frequency
2014-01-08-15-18-09	86.1328125	Major Frequency
2014-01-08-15-18-11	43.06640625	Major Frequency
2014-01-08-15-18-13	430.6640625	Major Frequency
2014-01-08-15-18-15	0	Major Frequency
2014-01-08-15-18-17	43.06640625	Major Frequency
2014-01-08-15-18-19	0	Major Frequency
2014-01-08-15-18-21	43.06640625	Major Frequency
2014-01-08-15-18-23	43.06640625	Major Frequency
2014-01-08-15-18-26	86.1328125	Major Frequency
2014-01-08-15-18-28	0	Major Frequency
2014-01-08-15-18-30	0	Major Frequency
2014-01-08-15-18-32	43.06640625	Major Frequency
2014-01-08-15-18-34	86.1328125	Major Frequency
2014-01-08-15-18-36	0	Major Frequency
2014-01-08-15-18-38	0	Major Frequency
2014-01-08-15-18-40	0	Major Frequency
2014-01-08-15-18-42	43.06640625	Major Frequency
2014-01-08-15-18-45	0	Major Frequency
2014-01-08-15-18-47	0	Major Frequency
2014-01-08-15-18-49	86.1328125	Major Frequency
2014-01-08-15-18-51	0	Major Frequency
2014-01-08-15-18-53	86.1328125	Major Frequency
2014-01-08-15-18-55	0	Major Frequency
2014-01-08-15-18-57	2928.515625	Major Frequency
2014-01-08-15-18-59	0	Major Frequency
2014-01-08-15-19-01	0	Major Frequency
2014-01-08-15-19-03	0	Major Frequency
2014-01-08-15-19-06	0	Major Frequency
2014-01-08-15-19-08	86.1328125	Major Frequency
2014-01-08-15-19-10	43.06640625	Major Frequency
2014-01-08-15-19-12	129.19921875	Major Frequency
2014-01-08-15-19-14	0	Major Frequency
2014-01-08-15-19-16	86.1328125	Major Frequency
2014-01-08-15-19-18	0	Major Frequency
2014-01-08-15-19-20	0	Major Frequency
2014-01-08-15-19-22	43.06640625	Major Frequency
2014-01-08-15-19-25	0	Major Frequency
2014-01-08-15-19-27	0	Major Frequency
2014-01-08-15-19-29	43.06640625	Major Frequency
2014-01-08-15-19-31	0	Major Frequency
2014-01-08-15-19-33	0	Major Frequency
2014-01-08-15-19-35	0	Major Frequency
2014-01-08-15-19-37	0	Major Frequency
2014-01-08-15-19-39	0	Major Frequency
2014-01-08-15-19-41	0	Major Frequency
2014-01-08-15-19-43	0	Major Frequency
2014-01-08-15-19-46	0	Major Frequency
2014-01-08-15-19-48	86.1328125	Major Frequency
2014-01-08-15-19-50	129.19921875	Major Frequency
2014-01-08-15-19-52	0	Major Frequency
2014-01-08-15-19-54	0	Major Frequency
2014-01-08-15-19-56	0	Major Frequency
2014-01-08-15-19-58	0	Major Frequency
2014-01-08-15-20-00	0	Major Frequency
2014-01-08-15-20-02	387.59765625	Major Frequency
2014-01-08-15-20-05	0	Major Frequency
2014-01-08-15-20-07	0	Major Frequency
2014-01-08-15-20-09	0	Major Frequency
2014-01-08-15-20-11	0	Major Frequency
2014-01-08-15-20-13	0	Major Frequency
2014-01-08-15-20-15	0	Major Frequency
2014-01-08-15-20-17	258.3984375	Major Frequency
2014-01-08-15-20-19	43.06640625	Major Frequency
2014-01-08-15-20-21	0	Major Frequency
2014-01-08-15-20-23	0	Major Frequency
2014-01-08-15-20-26	43.06640625	Major Frequency
2014-01-08-15-20-28	0	Major Frequency
2014-01-08-15-20-30	0	Major Frequency
2014-01-08-15-20-32	215.33203125	Major Frequency
2014-01-08-15-20-34	0	Major Frequency
2014-01-08-15-20-36	0	Major Frequency
2014-01-08-15-20-38	0	Major Frequency
2014-01-08-15-20-40	0	Major Frequency
2014-01-08-15-20-42	0	Major Frequency
2014-01-08-15-20-45	0	Major Frequency
2014-01-08-15-20-47	0	Major Frequency
2014-01-08-15-20-49	0	Major Frequency
2014-01-08-15-20-51	86.1328125	Major Frequency
2014-01-08-15-20-53	0	Major Frequency
2014-01-08-15-20-55	0	Major Frequency
2014-01-08-15-20-57	0	Major Frequency
2014-01-08-15-20-59	43.06640625	Major Frequency
2014-01-08-15-21-01	129.19921875	Major Frequency
2014-01-08-15-21-03	0	Major Frequency
2014-01-08-15-21-06	0	Major Frequency
2014-01-08-15-21-08	0	Major Frequency
2014-01-08-15-21-10	0	Major Frequency
2014-01-08-15-21-12	0	Major Frequency
2014-01-08-15-21-14	0	Major Frequency
2014-01-08-15-21-16	0	Major Frequency
2014-01-08-15-21-18	43.06640625	Major Frequency
2014-01-08-15-21-20	0	Major Frequency
2014-01-08-15-21-22	0	Major Frequency
2014-01-08-15-21-25	0	Major Frequency
2014-01-08-15-21-27	0	Major Frequency
2014-01-08-15-21-29	0	Major Frequency
2014-01-08-15-21-31	0	Major Frequency
2014-01-08-15-21-33	344.53125	Major Frequency
2014-01-08-15-21-35	516.796875	Major Frequency
2014-01-08-15-21-37	0	Major Frequency
2014-01-08-15-21-39	0	Major Frequency
2014-01-08-15-21-41	559.86328125	Major Frequency
2014-01-08-15-21-43	43.06640625	Major Frequency
2014-01-08-15-21-46	0	Major Frequency
2014-01-08-15-21-48	0	Major Frequency
2014-01-08-15-21-50	0	Major Frequency
2014-01-08-15-21-52	0	Major Frequency
2014-01-08-15-21-54	0	Major Frequency
2014-01-08-15-21-56	0	Major Frequency
2014-01-08-15-21-58	0	Major Frequency
2014-01-08-15-22-00	0	Major Frequency
2014-01-08-15-22-02	0	Major Frequency
2014-01-08-15-22-05	86.1328125	Major Frequency
2014-01-08-15-22-07	0	Major Frequency
2014-01-08-15-22-09	0	Major Frequency
2014-01-08-15-22-11	0	Major Frequency
2014-01-08-15-22-13	43.06640625	Major Frequency
2014-01-08-15-22-15	0	Major Frequency
2014-01-08-15-22-17	43.06640625	Major Frequency
2014-01-08-15-22-19	0	Major Frequency
2014-01-08-15-22-21	43.06640625	Major Frequency
2014-01-08-15-22-23	0	Major Frequency
2014-01-08-15-22-26	0	Major Frequency
2014-01-08-15-22-28	258.3984375	Major Frequency
2014-01-08-15-22-30	43.06640625	Major Frequency
2014-01-08-15-22-32	0	Major Frequency
2014-01-08-15-22-34	0	Major Frequency
2014-01-08-15-22-36	0	Major Frequency
2014-01-08-15-22-38	0	Major Frequency
2014-01-08-15-22-40	0	Major Frequency
2014-01-08-15-22-42	0	Major Frequency
2014-01-08-15-22-44	0	Major Frequency
2014-01-08-15-22-47	129.19921875	Major Frequency
2014-01-08-15-22-49	0	Major Frequency
2014-01-08-15-22-51	0	Major Frequency
2014-01-08-15-22-53	0	Major Frequency
2014-01-08-15-22-55	0	Major Frequency
2014-01-08-15-22-57	0	Major Frequency
2014-01-08-15-22-59	0	Major Frequency
2014-01-08-15-23-01	0	Major Frequency
2014-01-08-15-23-03	0	Major Frequency
2014-01-08-15-23-06	0	Major Frequency
2014-01-08-15-23-08	0	Major Frequency
2014-01-08-15-23-10	0	Major Frequency
2014-01-08-15-23-12	0	Major Frequency
2014-01-08-15-23-14	0	Major Frequency
2014-01-08-15-23-16	0	Major Frequency
2014-01-08-15-23-18	0	Major Frequency
2014-01-08-15-23-20	43.06640625	Major Frequency
2014-01-08-15-23-22	0	Major Frequency
2014-01-08-15-23-24	0	Major Frequency
2014-01-08-15-23-27	0	Major Frequency
2014-01-08-15-23-29	0	Major Frequency
2014-01-08-15-23-31	0	Major Frequency
2014-01-08-15-23-33	0	Major Frequency
2014-01-08-15-23-35	43.06640625	Major Frequency
2014-01-08-15-23-37	0	Major Frequency
2014-01-08-15-23-39	0	Major Frequency
2014-01-08-15-23-41	0	Major Frequency
2014-01-08-15-23-43	86.1328125	Major Frequency
2014-01-08-15-23-46	86.1328125	Major Frequency
2014-01-08-15-23-48	43.06640625	Major Frequency
2014-01-08-15-23-50	0	Major Frequency
2014-01-08-15-23-52	43.06640625	Major Frequency
2014-01-08-15-23-54	0	Major Frequency
2014-01-08-15-23-56	0	Major Frequency
2014-01-08-15-23-58	0	Major Frequency
2014-01-08-15-24-00	0	Major Frequency
2014-01-08-15-24-02	0	Major Frequency
2014-01-08-15-24-04	344.53125	Major Frequency
2014-01-08-15-24-07	0	Major Frequency
2014-01-08-15-24-09	86.1328125	Major Frequency
2014-01-08-15-24-11	0	Major Frequency
2014-01-08-15-24-13	258.3984375	Major Frequency
2014-01-08-15-24-15	0	Major Frequency
2014-01-08-15-24-17	0	Major Frequency
2014-01-08-15-24-19	0	Major Frequency
2014-01-08-15-24-21	0	Major Frequency
2014-01-08-15-24-23	0	Major Frequency
2014-01-08-15-24-26	43.06640625	Major Frequency
2014-01-08-15-24-28	0	Major Frequency
2014-01-08-15-24-30	0	Major Frequency
2014-01-08-15-24-32	43.06640625	Major Frequency
2014-01-08-15-24-34	0	Major Frequency
2014-01-08-15-24-36	0	Major Frequency
2014-01-08-15-24-38	0	Major Frequency
2014-01-08-15-24-40	0	Major Frequency
2014-01-08-15-24-42	0	Major Frequency
2014-01-08-15-24-44	516.796875	Major Frequency
2014-01-08-15-24-47	0	Major Frequency
2014-01-08-15-24-49	0	Major Frequency
2014-01-08-15-24-51	0	Major Frequency
2014-01-08-15-24-53	0	Major Frequency
2014-01-08-15-24-55	0	Major Frequency
2014-01-08-15-24-57	0	Major Frequency
2014-01-08-15-24-59	0	Major Frequency
2014-01-08-15-25-01	0	Major Frequency
2014-01-08-15-25-03	0	Major Frequency
2014-01-08-15-25-06	0	Major Frequency
2014-01-08-15-25-08	0	Major Frequency
2014-01-08-15-25-10	86.1328125	Major Frequency
2014-01-08-15-25-12	0	Major Frequency
2014-01-08-15-25-14	0	Major Frequency
2014-01-08-15-25-16	86.1328125	Major Frequency
2014-01-08-15-25-18	0	Major Frequency
2014-01-08-15-25-20	0	Major Frequency
2014-01-08-15-25-22	0	Major Frequency
2014-01-08-15-25-24	344.53125	Major Frequency
2014-01-08-15-25-27	0	Major Frequency
2014-01-08-15-25-29	0	Major Frequency
2014-01-08-15-25-31	0	Major Frequency
2014-01-08-15-25-33	0	Major Frequency
2014-01-08-15-25-35	0	Major Frequency
2014-01-08-15-25-37	43.06640625	Major Frequency
2014-01-08-15-25-39	129.19921875	Major Frequency
2014-01-08-15-25-41	0	Major Frequency
2014-01-08-15-25-43	301.46484375	Major Frequency
2014-01-08-15-25-46	0	Major Frequency
2014-01-08-15-25-48	43.06640625	Major Frequency
2014-01-08-15-25-50	43.06640625	Major Frequency
2014-01-08-15-25-52	215.33203125	Major Frequency
2014-01-08-15-25-54	0	Major Frequency
2014-01-08-15-25-56	86.1328125	Major Frequency
2014-01-08-15-25-58	0	Major Frequency
2014-01-08-15-26-00	0	Major Frequency
2014-01-08-15-26-02	43.06640625	Major Frequency
2014-01-08-15-26-04	43.06640625	Major Frequency
2014-01-08-15-26-07	129.19921875	Major Frequency
2014-01-08-15-26-09	86.1328125	Major Frequency
2014-01-08-15-26-11	0	Major Frequency
2014-01-08-15-26-13	43.06640625	Major Frequency
2014-01-08-15-26-15	0	Major Frequency
2014-01-08-15-26-17	0	Major Frequency
2014-01-08-15-26-19	0	Major Frequency
2014-01-08-15-26-21	0	Major Frequency
2014-01-08-15-26-23	0	Major Frequency
2014-01-08-15-26-26	0	Major Frequency
2014-01-08-15-26-28	0	Major Frequency
2014-01-08-15-26-30	0	Major Frequency
2014-01-08-15-26-32	43.06640625	Major Frequency
2014-01-08-15-26-34	0	Major Frequency
2014-01-08-15-26-36	0	Major Frequency
2014-01-08-15-26-38	43.06640625	Major Frequency
2014-01-08-15-26-40	86.1328125	Major Frequency
2014-01-08-15-26-42	258.3984375	Major Frequency
2014-01-08-15-26-44	43.06640625	Major Frequency
2014-01-08-15-26-47	0	Major Frequency
2014-01-08-15-26-49	0	Major Frequency
2014-01-08-15-26-51	43.06640625	Major Frequency
2014-01-08-15-26-53	0	Major Frequency
2014-01-08-15-26-55	0	Major Frequency
2014-01-08-15-26-57	0	Major Frequency
2014-01-08-15-26-59	0	Major Frequency
2014-01-08-15-27-01	43.06640625	Major Frequency
2014-01-08-15-27-03	0	Major Frequency
2014-01-08-15-27-06	0	Major Frequency
2014-01-08-15-27-08	0	Major Frequency
2014-01-08-15-27-10	0	Major Frequency
2014-01-08-15-27-12	0	Major Frequency
2014-01-08-15-27-14	0	Major Frequency
2014-01-08-15-27-16	0	Major Frequency
2014-01-08-15-27-18	43.06640625	Major Frequency
2014-01-08-15-27-20	0	Major Frequency
2014-01-08-15-27-22	0	Major Frequency
2014-01-08-15-27-24	0	Major Frequency
2014-01-08-15-27-27	0	Major Frequency
2014-01-08-15-27-29	0	Major Frequency
2014-01-08-15-27-31	0	Major Frequency
2014-01-08-15-27-33	0	Major Frequency
2014-01-08-15-27-35	0	Major Frequency
2014-01-08-15-27-37	0	Major Frequency
2014-01-08-15-27-39	86.1328125	Major Frequency
2014-01-08-15-27-41	0	Major Frequency
2014-01-08-15-27-43	0	Major Frequency
2014-01-08-15-27-45	0	Major Frequency
2014-01-08-15-27-48	0	Major Frequency
2014-01-08-15-27-50	43.06640625	Major Frequency
2014-01-08-15-27-52	0	Major Frequency
2014-01-08-15-27-54	0	Major Frequency
2014-01-08-15-27-56	0	Major Frequency
2014-01-08-15-27-58	0	Major Frequency
2014-01-08-15-28-00	0	Major Frequency
2014-01-08-15-28-02	0	Major Frequency
2014-01-08-15-28-04	0	Major Frequency
2014-01-08-15-28-07	215.33203125	Major Frequency
2014-01-08-15-28-09	129.19921875	Major Frequency
2014-01-08-15-28-11	0	Major Frequency
2014-01-08-15-28-13	0	Major Frequency
2014-01-08-15-28-15	0	Major Frequency
2014-01-08-15-28-17	0	Major Frequency
2014-01-08-15-28-19	0	Major Frequency
2014-01-08-15-28-21	0	Major Frequency
2014-01-08-15-28-23	0	Major Frequency
2014-01-08-15-28-25	0	Major Frequency
2014-01-08-15-28-28	43.06640625	Major Frequency
2014-01-08-15-28-30	43.06640625	Major Frequency
2014-01-08-15-28-32	0	Major Frequency
2014-01-08-15-28-34	0	Major Frequency
2014-01-08-15-28-36	0	Major Frequency
2014-01-08-15-28-38	86.1328125	Major Frequency
2014-01-08-15-28-40	0	Major Frequency
2014-01-08-15-28-42	0	Major Frequency
2014-01-08-15-28-44	0	Major Frequency
2014-01-08-15-28-47	86.1328125	Major Frequency
2014-01-08-15-28-49	0	Major Frequency
2014-01-08-15-28-51	0	Major Frequency
2014-01-08-15-28-53	43.06640625	Major Frequency
2014-01-08-15-28-55	0	Major Frequency
2014-01-08-15-28-57	0	Major Frequency
2014-01-08-15-28-59	86.1328125	Major Frequency
2014-01-08-15-29-01	43.06640625	Major Frequency
2014-01-08-15-29-03	0	Major Frequency
2014-01-08-15-29-05	0	Major Frequency
2014-01-08-15-29-08	0	Major Frequency
2014-01-08-15-29-10	0	Major Frequency
2014-01-08-15-29-12	43.06640625	Major Frequency
2014-01-08-15-29-14	86.1328125	Major Frequency
2014-01-08-15-29-16	0	Major Frequency
2014-01-08-15-29-18	0	Major Frequency
2014-01-08-15-29-20	0	Major Frequency
2014-01-08-15-29-22	86.1328125	Major Frequency
2014-01-08-15-29-24	43.06640625	Major Frequency
2014-01-08-15-29-27	0	Major Frequency
2014-01-08-15-29-29	43.06640625	Major Frequency
2014-01-08-15-29-31	0	Major Frequency
2014-01-08-15-29-33	0	Major Frequency
2014-01-08-15-29-35	0	Major Frequency
2014-01-08-15-29-37	0	Major Frequency
2014-01-08-15-29-39	0	Major Frequency
2014-01-08-15-29-41	0	Major Frequency
2014-01-08-15-29-43	0	Major Frequency
2014-01-08-15-29-45	0	Major Frequency
2014-01-08-15-29-48	0	Major Frequency
2014-01-08-15-29-50	129.19921875	Major Frequency
2014-01-08-15-29-52	0	Major Frequency
2014-01-08-15-29-54	0	Major Frequency
2014-01-08-15-29-56	0	Major Frequency
2014-01-08-15-29-58	0	Major Frequency
2014-01-08-15-30-00	0	Major Frequency
2014-01-08-15-30-02	0	Major Frequency
2014-01-08-15-30-04	0	Major Frequency
2014-01-08-15-30-07	0	Major Frequency
2014-01-08-15-30-09	0	Major Frequency
2014-01-08-15-30-11	43.06640625	Major Frequency
2014-01-08-15-30-13	86.1328125	Major Frequency
2014-01-08-15-30-15	0	Major Frequency
2014-01-08-15-30-17	86.1328125	Major Frequency
2014-01-08-15-30-19	0	Major Frequency
2014-01-08-15-30-21	0	Major Frequency
2014-01-08-15-30-23	43.06640625	Major Frequency
2014-01-08-15-30-25	215.33203125	Major Frequency
2014-01-08-15-30-28	86.1328125	Major Frequency
2014-01-08-15-30-30	0	Major Frequency
2014-01-08-15-30-32	645.99609375	Major Frequency
2014-01-08-15-30-34	86.1328125	Major Frequency
2014-01-08-15-30-36	86.1328125	Major Frequency
2014-01-08-15-30-38	86.1328125	Major Frequency
2014-01-08-15-30-40	43.06640625	Major Frequency
2014-01-08-15-30-42	0	Major Frequency
2014-01-08-15-30-44	43.06640625	Major Frequency
2014-01-08-15-30-46	0	Major Frequency
2014-01-08-15-30-49	86.1328125	Major Frequency
2014-01-08-15-30-51	0	Major Frequency
2014-01-08-15-30-53	86.1328125	Major Frequency
2014-01-08-15-30-55	301.46484375	Major Frequency
2014-01-08-15-30-57	0	Major Frequency
2014-01-08-15-30-59	43.06640625	Major Frequency
2014-01-08-15-31-01	0	Major Frequency
2014-01-08-15-31-03	215.33203125	Major Frequency
2014-01-08-15-31-05	43.06640625	Major Frequency
2014-01-08-15-31-08	0	Major Frequency
2014-01-08-15-31-10	0	Major Frequency
2014-01-08-15-31-12	0	Major Frequency
2014-01-08-15-31-14	0	Major Frequency
2014-01-08-15-31-16	0	Major Frequency
2014-01-08-15-31-18	43.06640625	Major Frequency
2014-01-08-15-31-20	0	Major Frequency
2014-01-08-15-31-22	172.265625	Major Frequency
2014-01-08-15-31-24	172.265625	Major Frequency
2014-01-08-15-31-27	0	Major Frequency
2014-01-08-15-31-29	0	Major Frequency
2014-01-08-15-31-31	0	Major Frequency
2014-01-08-15-31-33	0	Major Frequency
2014-01-08-15-31-35	43.06640625	Major Frequency
2014-01-08-15-31-37	0	Major Frequency
2014-01-08-15-31-39	0	Major Frequency
2014-01-08-15-31-41	0	Major Frequency
2014-01-08-15-31-43	43.06640625	Major Frequency
2014-01-08-15-31-45	0	Major Frequency
2014-01-08-15-31-48	301.46484375	Major Frequency
2014-01-08-15-31-50	0	Major Frequency
2014-01-08-15-31-52	43.06640625	Major Frequency
2014-01-08-15-31-54	0	Major Frequency
2014-01-08-15-31-56	0	Major Frequency
2014-01-08-15-31-58	215.33203125	Major Frequency
2014-01-08-15-32-00	215.33203125	Major Frequency
2014-01-08-15-32-02	0	Major Frequency
2014-01-08-15-32-04	129.19921875	Major Frequency
2014-01-08-15-32-06	0	Major Frequency
2014-01-08-15-32-09	129.19921875	Major Frequency
2014-01-08-15-32-11	0	Major Frequency
2014-01-08-15-32-13	0	Major Frequency
2014-01-08-15-32-15	0	Major Frequency
2014-01-08-15-32-17	0	Major Frequency
2014-01-08-15-32-19	0	Major Frequency
2014-01-08-15-32-21	43.06640625	Major Frequency
2014-01-08-15-32-23	43.06640625	Major Frequency
2014-01-08-15-32-25	0	Major Frequency
2014-01-08-15-32-28	0	Major Frequency
2014-01-08-15-32-30	43.06640625	Major Frequency
2014-01-08-15-32-32	0	Major Frequency
2014-01-08-15-32-34	172.265625	Major Frequency
2014-01-08-15-32-36	43.06640625	Major Frequency
2014-01-08-15-32-38	0	Major Frequency
2014-01-08-15-32-40	0	Major Frequency
2014-01-08-15-32-42	0	Major Frequency
2014-01-08-15-32-44	0	Major Frequency
2014-01-08-15-32-46	0	Major Frequency
2014-01-08-15-32-49	516.796875	Major Frequency
2014-01-08-15-32-51	0	Major Frequency
2014-01-08-15-32-53	43.06640625	Major Frequency
2014-01-08-15-32-55	0	Major Frequency
2014-01-08-15-32-57	0	Major Frequency
2014-01-08-15-32-59	0	Major Frequency
2014-01-08-15-33-01	0	Major Frequency
2014-01-08-15-33-03	0	Major Frequency
2014-01-08-15-33-05	0	Major Frequency
2014-01-08-15-33-08	0	Major Frequency
2014-01-08-15-33-10	0	Major Frequency
2014-01-08-15-33-12	0	Major Frequency
2014-01-08-15-33-14	0	Major Frequency
2014-01-08-15-33-16	86.1328125	Major Frequency
2014-01-08-15-33-18	43.06640625	Major Frequency
2014-01-08-15-33-20	0	Major Frequency
2014-01-08-15-33-22	43.06640625	Major Frequency
2014-01-08-15-33-24	0	Major Frequency
2014-01-08-15-33-26	0	Major Frequency
2014-01-08-15-33-29	0	Major Frequency
2014-01-08-15-33-31	0	Major Frequency
2014-01-08-15-33-33	86.1328125	Major Frequency
2014-01-08-15-33-35	0	Major Frequency
2014-01-08-15-33-37	43.06640625	Major Frequency
2014-01-08-15-33-39	0	Major Frequency
2014-01-08-15-33-41	0	Major Frequency
2014-01-08-15-33-43	172.265625	Major Frequency
2014-01-08-15-33-45	86.1328125	Major Frequency
2014-01-08-15-33-48	0	Major Frequency
2014-01-08-15-33-50	0	Major Frequency
2014-01-08-15-33-52	0	Major Frequency
2014-01-08-15-33-54	43.06640625	Major Frequency
2014-01-08-15-33-56	0	Major Frequency
2014-01-08-15-33-58	43.06640625	Major Frequency
2014-01-08-15-34-00	0	Major Frequency
2014-01-08-15-34-02	0	Major Frequency
2014-01-08-15-34-04	43.06640625	Major Frequency
2014-01-08-15-34-06	0	Major Frequency
2014-01-08-15-34-09	43.06640625	Major Frequency
2014-01-08-15-34-11	43.06640625	Major Frequency
2014-01-08-15-34-13	43.06640625	Major Frequency
2014-01-08-15-34-15	215.33203125	Major Frequency
2014-01-08-15-34-17	0	Major Frequency
2014-01-08-15-34-19	0	Major Frequency
2014-01-08-15-34-21	0	Major Frequency
2014-01-08-15-34-23	43.06640625	Major Frequency
2014-01-08-17-24-31	0	Major Frequency
2014-01-08-17-24-46	0	Major Frequency
2014-01-08-17-25-01	0	Major Frequency
2014-01-08-17-25-16	0	Major Frequency
2014-01-08-17-25-31	0	Major Frequency
2014-01-08-17-25-46	0	Major Frequency
2014-01-08-17-26-01	0	Major Frequency
2014-01-08-17-26-16	43.06640625	Major Frequency
2014-01-08-17-26-31	0	Major Frequency
2014-01-08-17-26-46	86.1328125	Major Frequency
2014-01-08-17-27-02	43.06640625	Major Frequency
2014-01-08-17-27-17	0	Major Frequency
2014-01-08-17-27-32	0	Major Frequency
2014-01-08-17-27-47	0	Major Frequency
2014-01-08-17-28-02	258.3984375	Major Frequency
2014-01-08-17-28-17	43.06640625	Major Frequency
2014-01-08-17-28-32	43.06640625	Major Frequency
2014-01-08-17-28-47	0	Major Frequency
2014-01-08-17-29-03	86.1328125	Major Frequency
2014-01-08-17-29-18	0	Major Frequency
2014-01-08-17-29-33	43.06640625	Major Frequency
2014-01-08-17-29-48	0	Major Frequency
2014-01-08-17-30-03	0	Major Frequency
2014-01-08-17-30-18	0	Major Frequency
2014-01-08-17-30-33	0	Major Frequency
2014-01-08-17-30-48	0	Major Frequency
2014-01-08-17-31-03	43.06640625	Major Frequency
2014-01-08-17-31-19	0	Major Frequency
2014-01-08-17-31-34	0	Major Frequency
2014-01-08-17-31-49	86.1328125	Major Frequency
2014-01-08-17-32-04	0	Major Frequency
2014-01-08-17-32-19	0	Major Frequency
2014-01-08-17-32-34	43.06640625	Major Frequency
2014-01-08-17-32-49	0	Major Frequency
2014-01-08-17-33-04	43.06640625	Major Frequency
2014-01-08-17-33-19	0	Major Frequency
2014-01-08-17-33-35	86.1328125	Major Frequency
2014-01-08-17-33-50	0	Major Frequency
2014-01-08-17-34-05	0	Major Frequency
2014-01-08-17-34-20	0	Major Frequency
2014-01-08-17-34-35	0	Major Frequency
2014-01-08-17-34-50	0	Major Frequency
2014-01-08-17-35-05	0	Major Frequency
2014-01-08-17-35-30	43.06640625	Major Frequency
2014-01-08-17-35-45	0	Major Frequency
2014-01-08-17-36-00	129.19921875	Major Frequency
2014-01-08-17-36-15	0	Major Frequency
2014-01-08-17-36-37	0	Major Frequency
2014-01-08-17-36-56	0	Major Frequency
2014-01-08-17-37-44	0	Major Frequency
2014-01-08-17-38-38	0	Major Frequency
2014-01-08-17-38-53	0	Major Frequency
2014-01-08-17-39-08	0	Major Frequency
2014-01-08-17-39-23	0	Major Frequency
2014-01-08-17-40-07	129.19921875	Major Frequency
2014-01-08-17-40-42	0	Major Frequency
2014-01-08-17-40-57	0	Major Frequency
2014-01-08-17-41-12	0	Major Frequency
2014-01-08-17-41-51	0	Major Frequency
2014-01-08-17-43-11	0	Major Frequency
